[
    
    {
        "title": "Various Job posts in NSFDC last date 31st July-2015",
        "url": "/2015/07/12/various-job-posts-in-nsfdc-last-date/",
        "date": "Sunday 12 July 2015"
    } , 
    
    {
        "title": "Various Job posts in Aravali Power Company last date 19th Aug-2015",
        "url": "/2015/07/12/various-job-posts-in-aravali-power/",
        "date": "Sunday 12 July 2015"
    } , 
    
    {
        "title": "Special Drive for Job posts in CEERI last date 10th Aug-2015",
        "url": "/2015/07/12/special-drive-for-job-posts-in-ceeri/",
        "date": "Sunday 12 July 2015"
    } , 
    
    {
        "title": "Management Trainee posts in NTC Limited last date 5th Aug-2015",
        "url": "/2015/07/12/management-trainee-posts-in-ntc-limited/",
        "date": "Sunday 12 July 2015"
    } , 
    
    {
        "title": "SJVN Special Drive for PWD candidates last date 31st July-2015",
        "url": "/2015/07/11/sjvn-special-drive-for-pwd-candidates/",
        "date": "Saturday 11 July 2015"
    } , 
    
    {
        "title": "Various Job posts by UPSSSC last date 8th Aug-2015",
        "url": "/2015/07/11/various-job-posts-by-upsssc-last-date/",
        "date": "Saturday 11 July 2015"
    } , 
    
    {
        "title": "National Fertilizers Junior Engineering Assistant posts last date 9th Aug-2015",
        "url": "/2015/07/11/national-fertilizers-junior-engineering/",
        "date": "Saturday 11 July 2015"
    } , 
    
    {
        "title": "Varous Job posts in Punjab Agro Industries Corporation last date  7th Aug-2015",
        "url": "/2015/07/11/varous-job-posts-in-punjab-agro/",
        "date": "Saturday 11 July 2015"
    } , 
    
    {
        "title": "Haryana SSC Advt. 7 of 2015 for various Job posts last date 23rd Nov-2015",
        "url": "/2015/07/11/haryana-ssc-advt-7-of-2015-for-various/",
        "date": "Saturday 11 July 2015"
    } , 
    
    {
        "title": "Job posts in Punjab Urban Planning and Development Authority last date 26th Aug-2015",
        "url": "/2015/07/11/job-posts-in-punjab-urban-planning-and/",
        "date": "Saturday 11 July 2015"
    } , 
    
    {
        "title": "Manager posts in NSIC in Special Drive last date  18th July-2015",
        "url": "/2015/07/10/manager-posts-in-nsic-in-special-drive/",
        "date": "Friday 10 July 2015"
    } , 
    
    {
        "title": "Faculty posts in Jamia Millia Islamia last date 30th July-2015",
        "url": "/2015/07/10/faculty-posts-in-jamia-millia-islamia/",
        "date": "Friday 10 July 2015"
    } , 
    
    {
        "title": "Village Job posts by Haryana SSC Advt. No. 6 of 2015 last date 21st Oct-2015",
        "url": "/2015/07/09/village-job-posts-by-haryana-ssc-advt/",
        "date": "Thursday 9 July 2015"
    } , 
    
    {
        "title": "Faculty posts in GBPEC Uttarakhand last date 27th July-2015",
        "url": "/2015/07/08/faculty-posts-in-gbpec-uttarakhand-last/",
        "date": "Wednesday 8 July 2015"
    } , 
    
    {
        "title": "Faculty  posts in Central University of Haryana last date 10th August-2015",
        "url": "/2015/07/08/faculty-posts-in-central-university-of/",
        "date": "Wednesday 8 July 2015"
    } , 
    
    {
        "title": "RCFL Officer Finance posts last date 24th July-2015",
        "url": "/2015/07/08/rcfl-officer-finance-posts-last-date/",
        "date": "Wednesday 8 July 2015"
    } , 
    
    {
        "title": "Clerk Computer Operator posts in BEL Ghaziabad last date 15h July-2015",
        "url": "/2015/07/07/clerk-computer-operator-posts-in-bel/",
        "date": "Tuesday 7 July 2015"
    } , 
    
    {
        "title": "BEL Navi Mumbai Engineer posts on regular basis last date 31st July-2015",
        "url": "/2015/07/07/bel-navi-mumbai-engineer-posts-on/",
        "date": "Tuesday 7 July 2015"
    } , 
    
    {
        "title": "BEL Navi Mumbai Dy. Engineer posts on contract basis last date 31st July-2015",
        "url": "/2015/07/07/bel-mumbai-dy-engineer-posts-on/",
        "date": "Tuesday 7 July 2015"
    } , 
    
    {
        "title": "BHEL Supervisor Trainee Finance  posts last date 31st July-2015",
        "url": "/2015/07/07/bhel-supervisor-trainee-finance-posts/",
        "date": "Tuesday 7 July 2015"
    } , 
    
    {
        "title": "Assistant Recruitment in Oriental Insurance Company last date 28th July-2015",
        "url": "/2015/07/07/assistant-recruitment-in-oriental/",
        "date": "Tuesday 7 July 2015"
    } , 
    
    {
        "title": "Various Job posts in EXIM Bank last date 22nd July-2015",
        "url": "/2015/07/06/various-job-posts-in-exim-bank-last/",
        "date": "Monday 6 July 2015"
    } , 
    
    {
        "title": "Navik General Duty posts in Coast Guard last date 13th July-2015",
        "url": "/2015/07/06/navik-general-duty-posts-in-coast-guard/",
        "date": "Monday 6 July 2015"
    } , 
    
    {
        "title": "Rolling Faculty posts in Assam University last date 22nd July-2015",
        "url": "/2015/07/05/rolling-faculty-posts-in-assam/",
        "date": "Sunday 5 July 2015"
    } , 
    
    {
        "title": "Finance Job posts in Ircon International last date 24th July-2015",
        "url": "/2015/07/05/finance-job-posts-in-ircon/",
        "date": "Sunday 5 July 2015"
    } , 
    
    {
        "title": "Teaching Positions  in BPUT Odisha last date 27th July-2015",
        "url": "/2015/07/05/teaching-positions-in-bput-odisha-last/",
        "date": "Sunday 5 July 2015"
    } , 
    
    {
        "title": "39th NCC entry for SSC Officers in Army last date 4th August-2015",
        "url": "/2015/07/05/39th-ncc-entry-foe-ssc-officers-in-army/",
        "date": "Sunday 5 July 2015"
    } , 
    
    {
        "title": "Job posts in Bihar State Health Society last date 15h July-2015",
        "url": "/2015/07/05/job-posts-in-bihar-state-health-society/",
        "date": "Sunday 5 July 2015"
    } , 
    
    {
        "title": "Faculty posts in KGMU Lucknow last date 31st July-2015",
        "url": "/2015/07/05/faculty-posts-in-kgmu-lucknow-last-date/",
        "date": "Sunday 5 July 2015"
    } , 
    
    {
        "title": "PGT posts by Haryana SSC Advt. No. 05 of 2015  last date 21st Sep-2015",
        "url": "/2015/07/05/pgt-posts-by-haryana-ssc-advt-no-05-of/",
        "date": "Sunday 5 July 2015"
    } , 
    
    {
        "title": "Recruitment of Assistants in IRDA last date 10th July-2015",
        "url": "/2015/07/04/recruitment-of-assistants-in-irda-last/",
        "date": "Saturday 4 July 2015"
    } , 
    
    {
        "title": "Job posts in Punjab Municipal Corporations last date 4th August-2015",
        "url": "/2015/07/04/job-posts-in-punjab-municipal/",
        "date": "Saturday 4 July 2015"
    } , 
    
    {
        "title": "Job posts in NEEPCO last date 19th July-2015",
        "url": "/2015/07/04/job-posts-in-neepco-last-date-19th-july/",
        "date": "Saturday 4 July 2015"
    } , 
    
    {
        "title": "Assistant Professor posts in Puducherry last date 6th July-2015",
        "url": "/2015/07/03/assistant-professor-posts-in-puducherry/",
        "date": "Friday 3 July 2015"
    } , 
    
    {
        "title": "Faculty posts in Central University of Kerala last date 30th July-2015",
        "url": "/2015/07/03/faculty-posts-in-central-university-of_27/",
        "date": "Friday 3 July 2015"
    } , 
    
    {
        "title": "Engineer Trainee posts in UJVN Limited last date 31st July-2015",
        "url": "/2015/07/03/engineer-trainee-posts-in-ujvn-limited/",
        "date": "Friday 3 July 2015"
    } , 
    
    {
        "title": "Engineer posts by Railway Centralised Employment last date 26th July-2015",
        "url": "/2015/07/03/engineer-posts-by-railway-centralised/",
        "date": "Friday 3 July 2015"
    } , 
    
    {
        "title": "Air Force AFCAT 02 of 2015 for various Officer posts last date 23rd July-2015",
        "url": "/2015/07/03/air-force-afcat-02-of-2015-for-various/",
        "date": "Friday 3 July 2015"
    } , 
    
    {
        "title": "Job posts in Mahanadi Coalfields Limited last date 20th July-2015",
        "url": "/2015/07/03/job-posts-in-mahanadi-coalfields/",
        "date": "Friday 3 July 2015"
    } , 
    
    {
        "title": "Air Force SSC Officer  Meteorological Branch last date 25th July-2015",
        "url": "/2015/07/03/air-force-ssc-officer-meteorological/",
        "date": "Friday 3 July 2015"
    } , 
    
    {
        "title": "Special Drive for Stipendiary Trainee in RRCAT last date  10th August-2015",
        "url": "/2015/07/03/special-drive-for-stipendiary-trainee/",
        "date": "Friday 3 July 2015"
    } , 
    
    {
        "title": "SIDBI Recruitment of Specialist Officers last date 13th July-2015",
        "url": "/2015/07/03/sidbi-recruitment-of-specialist/",
        "date": "Friday 3 July 2015"
    } , 
    
    {
        "title": "Junior Engineer posts in Chandigarh Administration last date 20th July-2015",
        "url": "/2015/07/03/junior-engineer-posts-in-chandigarh/",
        "date": "Friday 3 July 2015"
    } , 
    
    {
        "title": "IBPS 5th CWE for Probationary Officers and Management Trainees last date 1st August-2015",
        "url": "/2015/07/03/ibps-5th-cwe-for-probationary-officers/",
        "date": "Friday 3 July 2015"
    } , 
    
    {
        "title": "Haryana SSC Junior Engineer posts last date 24th August-2015",
        "url": "/2015/07/03/haryana-ssc-junior-engineer-posts-last/",
        "date": "Friday 3 July 2015"
    } , 
    
    {
        "title": "Recruitment of Managers in RailTel Corporation last date 31st July-2015",
        "url": "/2015/07/03/recruitment-of-managers-in-railtel/",
        "date": "Friday 3 July 2015"
    } , 
    
    {
        "title": "Trained Graduate Teacher recruitment by Haryana SSC last date 21st Sep-2015",
        "url": "/2015/07/03/trained-graduate-teached-recruitment-by/",
        "date": "Friday 3 July 2015"
    } , 
    
    {
        "title": "Post Graduate Teacher posts by Haryana SSC last date 21st Sep-2015",
        "url": "/2015/07/03/post-graduate-teacher-posts-by-haryana/",
        "date": "Friday 3 July 2015"
    } , 
    
    {
        "title": "Faculty and other posts in Mizoram University last date 31st July-2015",
        "url": "/2015/07/03/faculty-and-other-posts-in-mizoram/",
        "date": "Friday 3 July 2015"
    } , 
    
    {
        "title": "United India Insurance Assistant Recruitment last date 20th July-2015",
        "url": "/2015/07/03/united-india-insurance-assistant/",
        "date": "Friday 3 July 2015"
    } , 
    
    {
        "title": "Faculty and other posts in Aligarh Muslim University last date 21st July-2015",
        "url": "/2015/07/03/faculty-posts-in-aligarh-muslim/",
        "date": "Friday 3 July 2015"
    } , 
    
    {
        "title": "Job posts by Himachal PSC last date 30th July-2015",
        "url": "/2015/07/03/job-posts-by-himachal-psc-last-date/",
        "date": "Friday 3 July 2015"
    } , 
    
    {
        "title": "Bihar SSC  Health Department Job posts last date 14th July-2015",
        "url": "/2015/07/03/bihar-ssc-health-department-job-posts/",
        "date": "Friday 3 July 2015"
    } , 
    
    {
        "title": "Faculty and other posts in BBAU Lucknow last date  17th July-2015",
        "url": "/2015/07/03/faculty-and-othe-posts-in-bbau-lucknow/",
        "date": "Friday 3 July 2015"
    } , 
    
    {
        "title": "Faculty and other posts in KGMU Lucknow last date 30th July-2015",
        "url": "/2015/06/25/faculty-and-other-posts-in-kgmu-lucknow/",
        "date": "Thursday 25 June 2015"
    } , 
    
    {
        "title": "Senior Engineer posts in Mazagon Dock on the basis of  GATE 2013 and 2014 score last date 9th July-2015",
        "url": "/2015/06/24/senior-engineer-posts-in-mazagon-dock/",
        "date": "Wednesday 24 June 2015"
    } , 
    
    {
        "title": "Non-Faculty posts in IIM Raipur last date 10th August-2015",
        "url": "/2015/06/24/non-faculty-posts-in-iim-raipur-last/",
        "date": "Wednesday 24 June 2015"
    } , 
    
    {
        "title": "Faculty posts in IIM Raipur last date 10th August-2015",
        "url": "/2015/06/24/faculty-posts-in-iim-raipur-last-date/",
        "date": "Wednesday 24 June 2015"
    } , 
    
    {
        "title": "Job posts in Indian School of Mines last date 15th July-2015",
        "url": "/2015/06/24/job-posts-in-indian-school-of-mines/",
        "date": "Wednesday 24 June 2015"
    } , 
    
    {
        "title": "Recruitment of Chemist in UPRVUNL last date 21st July-2015",
        "url": "/2015/06/24/recruitment-of-chemist-in-uprvunl-last/",
        "date": "Wednesday 24 June 2015"
    } , 
    
    {
        "title": "Job posts in ILBS Delhi last date 31st July-2015",
        "url": "/2015/06/23/job-posts-in-ilbs-delhi-last-date-31st/",
        "date": "Tuesday 23 June 2015"
    } , 
    
    {
        "title": "Management Trainee posts in HLL Lifecare last date 8th July-2015",
        "url": "/2015/06/23/management-trainee-posts-in-hll/",
        "date": "Tuesday 23 June 2015"
    } , 
    
    {
        "title": "Faculty posts in Utkal University last date 20th July-2015",
        "url": "/2015/06/23/faculty-posts-in-utkal-university-last/",
        "date": "Tuesday 23 June 2015"
    } , 
    
    {
        "title": "Scientist vacancy in CSIR IICB  last date 20th July-2015",
        "url": "/2015/06/23/scientist-vacancy-in-csir-iicb-last/",
        "date": "Tuesday 23 June 2015"
    } , 
    
    {
        "title": "Various Job posts in NIOS last date 4th Aug-2015",
        "url": "/2015/06/22/various-job-posts-in-nios-last-date-4th/",
        "date": "Monday 22 June 2015"
    } , 
    
    {
        "title": "Various Job posts by Haryana SSC last date 31st July-2015",
        "url": "/2015/06/22/various-job-posts-by-haryana-ssc-last/",
        "date": "Monday 22 June 2015"
    } , 
    
    {
        "title": "Faculty posts in PKIET Puducherry last date 20th July-2015",
        "url": "/2015/06/22/faculty-posts-in-pkiet-puducherry-last/",
        "date": "Monday 22 June 2015"
    } , 
    
    {
        "title": "BSF Contable Tradesman posts last date 13th July-2015",
        "url": "/2015/06/22/bsf-contable-tradesman-posts-last-date/",
        "date": "Monday 22 June 2015"
    } , 
    
    {
        "title": "Lekhpal recruitment in Board of Revenue UP last date 22nd July-2015",
        "url": "/2015/06/22/lekhpal-recruitment-in-board-of-revenue/",
        "date": "Monday 22 June 2015"
    } , 
    
    {
        "title": "UPSC Assistant Provident Fund Commissioner recruitment last date 9th July-2015",
        "url": "/2015/06/20/upsc-assistant-provident-fund/",
        "date": "Saturday 20 June 2015"
    } , 
    
    {
        "title": "Navy University Entry Scheme for Commissioned Officer last date 19th July-2015",
        "url": "/2015/06/20/navy-university-entry-scheme-for/",
        "date": "Saturday 20 June 2015"
    } , 
    
    {
        "title": "UPSC NDA and Naval Academy Examination-II 2015  last date 17th July-2015",
        "url": "/2015/06/20/upsc-nda-and-naval-academy-examination/",
        "date": "Saturday 20 June 2015"
    } , 
    
    {
        "title": "RPSC Lecturer College Home-Science last date 16th July-2015",
        "url": "/2015/06/20/rpsc-lecturer-college-home-science-last/",
        "date": "Saturday 20 June 2015"
    } , 
    
    {
        "title": "ISRO Centralised Scientist recruitment last date 9th July-2015",
        "url": "/2015/06/20/isro-centralised-scientist-recruitment/",
        "date": "Saturday 20 June 2015"
    } , 
    
    {
        "title": "Medical Officer posts by MP PSC last date 14th July-2015",
        "url": "/2015/06/19/medical-officer-posts-by-mp-psc-last/",
        "date": "Friday 19 June 2015"
    } , 
    
    {
        "title": "Job posts in Internal Audit Pawan Hans Limited last date 20th July-2015",
        "url": "/2015/06/18/job-posts-in-internal-audit-pawan-hans/",
        "date": "Thursday 18 June 2015"
    } , 
    
    {
        "title": "Faculty and other posts in GBPUAT Pantnagar last date 15th July-2015",
        "url": "/2015/06/18/faculty-and-other-posts-in-gbpuat/",
        "date": "Thursday 18 June 2015"
    } , 
    
    {
        "title": "Assistant Accountant posts in GBPUAT last date 6th July-2015",
        "url": "/2015/06/18/assistant-accountant-posts-in-gbpuat/",
        "date": "Thursday 18 June 2015"
    } , 
    
    {
        "title": "Various Job posts in Mumbai Metro last date 12th July-2015",
        "url": "/2015/06/18/various-job-posts-in-mumbai-metro-last/",
        "date": "Thursday 18 June 2015"
    } , 
    
    {
        "title": "STC recruitment for Young Professionals last date 20th July-2015",
        "url": "/2015/06/18/stc-recruitment-for-young-professionals/",
        "date": "Thursday 18 June 2015"
    } , 
    
    {
        "title": "Engineer Job posts in BEL Ghaziabad unit last date 2nd July-2015",
        "url": "/2015/06/18/engineer-job-posts-in-bel-ghaziabad/",
        "date": "Thursday 18 June 2015"
    } , 
    
    {
        "title": "IBPS IVth CBWE for Rural Banks for Officer and Office-Assistant posts last date 23rd July-2015",
        "url": "/2015/06/18/ibps-ivth-cbwe-for-rural-banks-for/",
        "date": "Thursday 18 June 2015"
    } , 
    
    {
        "title": "Faculty posts in IIT Roorkee last date 30th June-2015",
        "url": "/2015/06/17/faculty-posts-in-iit-roorkee-last-date/",
        "date": "Wednesday 17 June 2015"
    } , 
    
    {
        "title": "Job posts in Assam Gramin Vikas Bank last date 25th June-2015",
        "url": "/2015/06/16/job-posts-in-assam-gramin-vikas-bank/",
        "date": "Tuesday 16 June 2015"
    } , 
    
    {
        "title": "Job posts in Odisha Gramya Bank last date 25th June-2015",
        "url": "/2015/06/16/job-posts-in-odisha-gramin-bank-last/",
        "date": "Tuesday 16 June 2015"
    } , 
    
    {
        "title": "Recruitment of Assistants in RBI last date 3rd July-2015",
        "url": "/2015/06/16/recruitment-of-assistants-in-rbi-last/",
        "date": "Tuesday 16 June 2015"
    } , 
    
    {
        "title": "Bio-Medical Engineer posts in  HLFPPT  June-2015",
        "url": "/2015/06/16/bio-medical-engineer-posts-in-hlfppt/",
        "date": "Tuesday 16 June 2015"
    } , 
    
    {
        "title": "Jobs posts in  NBCC last date 7th July-2015",
        "url": "/2015/06/14/jobs-posts-in-nbcc-last-date-7th-july/",
        "date": "Sunday 14 June 2015"
    } , 
    
    {
        "title": "Various Job posts in PSPCL last date 9th July-2015",
        "url": "/2015/06/14/various-job-posts-in-pspcl-last-date/",
        "date": "Sunday 14 June 2015"
    } , 
    
    {
        "title": "Non-Teaching posts in IIT Rajasthan last date is 22nd June-2015",
        "url": "/2015/06/13/non-teaching-posts-in-iit-rajasthan/",
        "date": "Saturday 13 June 2015"
    } , 
    
    {
        "title": "Medical Officer posts in Haryana Health last date 1st July-2015",
        "url": "/2015/06/13/medical-officer-posts-in-haryana-health/",
        "date": "Saturday 13 June 2015"
    } , 
    
    {
        "title": "SSC Combined Higher Secondary level 10+2 Examination 2015 last date 13th July-2015",
        "url": "/2015/06/13/ssc-combined-higher-secondary-level-102/",
        "date": "Saturday 13 June 2015"
    } , 
    
    {
        "title": "Job posts in HSCC Limited last date 25th June-2015",
        "url": "/2015/06/13/job-posts-in-hscc-limited-last-date/",
        "date": "Saturday 13 June 2015"
    } , 
    
    {
        "title": "HAL requires Medical Officers last date 30th June-2015",
        "url": "/2015/06/12/hal-requires-medical-officers-last-date/",
        "date": "Friday 12 June 2015"
    } , 
    
    {
        "title": "Contract Job posts in Bharat Dynamics last date 26th June-2015",
        "url": "/2015/06/11/contract-job-posts-in-bharat-dynamics/",
        "date": "Thursday 11 June 2015"
    } , 
    
    {
        "title": "Assistant Professor posts in Barkatullah University Bhopal last date 18th June-2015",
        "url": "/2015/06/11/assistant-professor-posts-in/",
        "date": "Thursday 11 June 2015"
    } , 
    
    {
        "title": "Non-Teaching posts in Central University of Jammu  last date 15th July-2015",
        "url": "/2015/06/11/non-teaching-posts-in-central/",
        "date": "Thursday 11 June 2015"
    } , 
    
    {
        "title": "Faculty posts in Central University of Jammu last date 15th July-2015",
        "url": "/2015/06/11/faculty-posts-in-central-university-of/",
        "date": "Thursday 11 June 2015"
    } , 
    
    {
        "title": "Faculty posts in IIIT Allahabad June-2015",
        "url": "/2015/06/11/faculty-posts-in-iiit-allahabad-june/",
        "date": "Thursday 11 June 2015"
    } , 
    
    {
        "title": "Backlog Officer posts in Allahabad Bank   last date 9th July-2015",
        "url": "/2015/06/11/backlog-job-posts-in-allahabad-bank/",
        "date": "Thursday 11 June 2015"
    } , 
    
    {
        "title": "Non-Teaching posts in IIIT Allahabad  last date 31st July-2015",
        "url": "/2015/06/11/non-teaching-posts-in-iiit-allahabad/",
        "date": "Thursday 11 June 2015"
    } , 
    
    {
        "title": "Last date extended for Faculty positions in DIAT last date now 22nd June - 2015",
        "url": "/2015/06/09/faculty-positions-in-diat-last-date/",
        "date": "Tuesday 9 June 2015"
    } , 
    
    {
        "title": "Job posts in NISER Bhubaneswar last date 20th July 2015",
        "url": "/2015/06/09/job-posts-in-niser-bhubaneswar-last/",
        "date": "Tuesday 9 June 2015"
    } , 
    
    {
        "title": "IDBI Bank Assistant Manager posts through Manipal last date 24th June 2015",
        "url": "/2015/06/09/idbi-bank-assistant-manager-posts/",
        "date": "Tuesday 9 June 2015"
    } , 
    
    {
        "title": "Teacher posts in Birsa Agricultural University Ranchi June-2015",
        "url": "/2015/06/09/teacher-posts-in-birsa-agricultural/",
        "date": "Tuesday 9 June 2015"
    } , 
    
    {
        "title": "Reserve Bank Junior Engineer posts last date 26th June-2015",
        "url": "/2015/06/09/reserve-bank-junior-engineer-posts-last/",
        "date": "Tuesday 9 June 2015"
    } , 
    
    {
        "title": "Job posts in Sarva Haryana Gramin Bank last date 26th June-2015",
        "url": "/2015/06/09/job-posts-in-sarva-haryana-gramin-bank/",
        "date": "Tuesday 9 June 2015"
    } , 
    
    {
        "title": "Faculty posts in NIT Puducherry last date 15th July-2015",
        "url": "/2015/06/08/faculty-posts-in-nit-puducherry-last/",
        "date": "Monday 8 June 2015"
    } , 
    
    {
        "title": "AIIMS Raipur Engineer Civil on contract basis last date 25th June-2015",
        "url": "/2015/06/07/aiims-raipur-engineer-civil-on-contract/",
        "date": "Sunday 7 June 2015"
    } , 
    
    {
        "title": "Faculty posts in AIIMS Raipur last date  30th June 2015",
        "url": "/2015/06/07/faculty-posts-in-aiims-raipur-last-date/",
        "date": "Sunday 7 June 2015"
    } , 
    
    {
        "title": "Job posts in MP Power Distribution Company Indore last date June-2015",
        "url": "/2015/06/06/job-posts-in-mp-power-distribution-company-indore/",
        "date": "Saturday 6 June 2015"
    } , 
    
    {
        "title": "Job posts in CSIR IHBT Palampur last date 7th July-2015",
        "url": "/2015/06/06/job-posts-in-csir-ihbt-palampur/",
        "date": "Saturday 6 June 2015"
    } , 
    
    {
        "title": "Various Job posts in RIICO last date 25th June-2015",
        "url": "/2015/06/06/various-job-posts-in-riico/",
        "date": "Saturday 6 June 2015"
    } , 
    
    {
        "title": "Job posts in Dena Gujarat Gramin Bank last date 17th June-2015",
        "url": "/2015/06/06/job-posts-in-dena-gramin-bank/",
        "date": "Saturday 6 June 2015"
    } , 
    
    {
        "title": "Army 10+2 Technical Entry 34th Course last date 10th July-2015",
        "url": "/2015/06/06/army-techniccal-entry-34-course/",
        "date": "Saturday 6 June 2015"
    } , 
    
    {
        "title": "Sjvn Limited Assistant Trainee Posts",
        "url": "/2015/06/06/sjvn-limited-assistant-trainee-posts/",
        "date": "Saturday 6 June 2015"
    } , 
    
    {
        "title": "KRIBHCO Graduate Engineer Trainee posts last date 24th June-2015",
        "url": "/2015/06/05/kribhco-graduate-engineer-trainee-posts/",
        "date": "Friday 5 June 2015"
    } , 
    
    {
        "title": "Faculty posts in Pandit Ravishankar Shukla University last date 20th July 2015",
        "url": "/2015/06/05/faculty-posts-in-pandit-ravishankar-shukla-university/",
        "date": "Friday 5 June 2015"
    } , 
    
    {
        "title": "Bank of India Security Officer posts last date 15 June 2015",
        "url": "/2015/06/05/bank-of-india-security-officer-posts/",
        "date": "Friday 5 June 2015"
    } , 
    
    {
        "title": "Scientist Jobs in Environment Ministry June-2015",
        "url": "/2015/06/04/scientists-jobs-in-environment-ministry/",
        "date": "Thursday 4 June 2015"
    } , 
    
    {
        "title": "Recruitment of SMT Workshop in BSF last date 30th June 2015",
        "url": "/2015/06/04/recruitment-of-smt-workshop-in-bsf/",
        "date": "Thursday 4 June 2015"
    } , 
    
    {
        "title": "Recruitment of Clerks in JIPMER last date 12th June-2015",
        "url": "/2015/06/04/recruitment-of-clerks-in-jipmer/",
        "date": "Thursday 4 June 2015"
    } , 
    
    {
        "title": "NTPC Lab Assistant Chemistry Trainee last date 15th June-2015",
        "url": "/2015/06/04/ntpc-lab-assistant-chemistry-trainee/",
        "date": "Thursday 4 June 2015"
    } , 
    
    {
        "title": "LIC Of India Apprentice Development Officers Recruitment 2015-16 last date 30th June-2015",
        "url": "/2015/06/04/lic-of-india-recruitment-of-apprentice-development-officers/",
        "date": "Thursday 4 June 2015"
    } , 
    
    {
        "title": "Job posts in SSC MP Region Raipur last date 21st June-2015",
        "url": "/2015/06/04/job-posts-in-ssc-mp-region-raipur/",
        "date": "Thursday 4 June 2015"
    } , 
    
    {
        "title": "Job posts in CSIR - CDRI last date 12th June-2015",
        "url": "/2015/06/04/job-posts-in-csir-cdri/",
        "date": "Thursday 4 June 2015"
    } , 
    
    {
        "title": "Hockey Players posts in PNB last date 20th June-2015",
        "url": "/2015/06/04/hockey-players-posts-in-pnb/",
        "date": "Thursday 4 June 2015"
    } , 
    
    {
        "title": "Group-B posts in CDAC Noida last date 20th July",
        "url": "/2015/06/04/group-b-posts-in-cdac-noida/",
        "date": "Thursday 4 June 2015"
    } , 
    
    {
        "title": "Faculty and other posts in RML NLU last date 30th June-2015",
        "url": "/2015/06/04/faculty-and-other-posts-in-rml-nlu/",
        "date": "Thursday 4 June 2015"
    } , 
    
    {
        "title": "Engineer Manager posts BEL Bengaluru June-2015",
        "url": "/2015/06/04/engineer-manager-posts-bel-bengaluru/",
        "date": "Thursday 4 June 2015"
    } , 
    
    {
        "title": "Assistant Professor posts in PEC University last date 6th July-2015",
        "url": "/2015/06/04/assistant-professor-posts-in-pec-university/",
        "date": "Thursday 4 June 2015"
    } , 
    
    {
        "title": "CDAC Mumbai Project Engineer posts last date 15th June-2015",
        "url": "/2015/06/04/cdac-mumbai-project-engineer-posts/",
        "date": "Thursday 4 June 2015"
    } , 
    
    {
        "title": "Indian Army SSC Officer Dental Corp last date 15th July 2015",
        "url": "/2015/06/04/indian-army-ssc-officer-dental-corp/",
        "date": "Thursday 4 June 2015"
    } , 
    
    {
        "title": "Management Trainee posts in FCI last date 2nd July 2015",
        "url": "/2015/06/03/management-trainee-posts-FCI-last-date/",
        "date": "Wednesday 3 June 2015"
    } , 
    
    {
        "title": "Faculty posts in IIIT Bhubaneswar last date 16th June 2015",
        "url": "/2015/06/03/faculty-posts-in-iiit-bhubaneshwar/",
        "date": "Wednesday 3 June 2015"
    } , 
    
    {
        "title": "Electrical discipline job posts in Rites Limited last date 8th June 2015",
        "url": "/2015/06/03/Electrical-discipline-job-posts-in%20rites-limited/",
        "date": "Wednesday 3 June 2015"
    } , 
    
    {
        "title": "Job posts in National Centre for Trade Information last date 15th June-2015",
        "url": "/2015/05/31/Job-posts-in-National-Centre-for-Trade-Information/",
        "date": "Sunday 31 May 2015"
    } , 
    
    {
        "title": "IT posts in Bihar State Power Holding Company last date 14th June-2015",
        "url": "/2015/05/31/it-posts-in%20bihar-state-power-holding-company/",
        "date": "Sunday 31 May 2015"
    } , 
    
    {
        "title": "Faculty posts in SKHM Government Medical College Mewat last date 3rd July 2015",
        "url": "/2015/05/31/Faculty%20posts%20in%20SKHM%20Government%20Medical%20College%20Mewat/",
        "date": "Sunday 31 May 2015"
    } , 
    
    {
        "title": "OFFICERS RECRUITMENT IN INDIAN COAST GUARD LAST DATE 10TH JUNE 2015",
        "url": "/2015/05/30/officers-recruitment-in%20indian-coast-guard/",
        "date": "Saturday 30 May 2015"
    } 
    
]

